query_id,raw_name,base_canonical_name,canonical_name,dataset,label,expected_record_ids_json,perturbation,script,language_hint,country,variants_json,warnings_json,metadata_json
hu-accent-fold,Argyelan Janos,argyelan janos,argyelan janos,sage_multilingual,True,"[""sage-75165575d4f7a29e""]",,Latn,hu,Hungary,"{""native"": ""argyelan janos""}",[],"{""source_row"": 2, ""validation_query"": true}"
ar-romanized,hbh dl jmy lyby lsdy,hbh dl jmy lyby lsdy,hbh dl jmy lyby lsdy,sage_multilingual,True,"[""sage-a00c0a6bb1497a23""]",,Latn,ar-Latn,Iraq,"{""native"": ""hbh dl jmy lyby lsdy""}",[],"{""source_row"": 3, ""validation_query"": true}"
zh-romanized,LiaoXueGuang,liaoxueguang,liaoxueguang,sage_multilingual,True,"[""sage-b81ed53599b31a21""]",,Latn,zh-Latn,Taiwan,"{""native"": ""liaoxueguang""}",[],"{""source_row"": 4, ""validation_query"": true}"
my-width-normalization,ဦးအောင်ဆန်းကျော်（ခ）ဦးဘီလီဘိုးကျော်,ဦးအောင်ဆန်းကျော်ခဦးဘီလီဘိုးကျော်,ဦးအောင်ဆန်းကျော်ခဦးဘီလီဘိုးကျော်,sage_multilingual,True,"[""sage-ca377d725c2898cc""]",,Mymr,my,Myanmar,"{""latin_transliterated"": ""ueanchnkyeakhubhilibhiukyea"", ""native"": ""ဦးအောင်ဆန်းကျော်ခဦးဘီလီဘိုးကျော်""}",[],"{""source_row"": 5, ""validation_query"": true}"
zh-latin-mixed,瓦歷斯貝林 WalisPerin,瓦歷斯貝林 walisperin,瓦歷斯貝林 walisperin,sage_multilingual,True,"[""sage-5b677e6ae10fef34""]",,Han+Latn,zh,Taiwan,"{""latin_compact"": ""walisibeilinwalisperin"", ""latin_folded"": ""walisperin"", ""latin_transliterated"": ""walisibeilin walisperin"", ""native"": ""瓦歷斯貝林 walisperin""}",[],"{""source_row"": 6, ""validation_query"": true}"
negative-latin,Completely Absent Validation Name,completely absent validation name,completely absent validation name,sage_multilingual,False,[],,Latn,hu,Hungary,"{""native"": ""completely absent validation name""}",[],"{""source_row"": 7, ""validation_query"": true}"
negative-arabic,اسم تحقق غير موجود,اسم تحقق غير موجود,اسم تحقق غير موجود,sage_multilingual,False,[],,Arab,ar,Iraq,"{""latin_compact"": ""smthqqghyrmwjwd"", ""latin_transliterated"": ""sm thqq ghyr mwjwd"", ""native"": ""اسم تحقق غير موجود""}",[],"{""source_row"": 8, ""validation_query"": true}"
negative-han,不存在測試姓名,不存在測試姓名,不存在測試姓名,sage_multilingual,False,[],,Han,zh,Taiwan,"{""latin_transliterated"": ""bucunzaiceshixingming"", ""native"": ""不存在測試姓名""}",[],"{""source_row"": 9, ""validation_query"": true}"
negative-myanmar,စမ်းသပ်မရှိသောအမည်,စမ်းသပ်မရှိသောအမည်,စမ်းသပ်မရှိသောအမည်,sage_multilingual,False,[],,Mymr,my,Myanmar,"{""latin_transliterated"": ""cmspmrhiseamnn"", ""native"": ""စမ်းသပ်မရှိသောအမည်""}",[],"{""source_row"": 10, ""validation_query"": true}"
